,Date,Media Sources,Negative,Neutral,Positive,Source Account,Tweet Polarity,Tweets Ago
0,Sun Jan 07 03:18:47 +0000 2018,BBC,0.0,1.0,0.0,Magallanes BBC,0.0,1
1,Sun Jan 07 03:18:45 +0000 2018,BBC,0.0,1.0,0.0,‚ô†Ô∏èToy4black(18+)94K,0.0,2
2,Sun Jan 07 03:18:44 +0000 2018,BBC,0.203,0.797,0.0,BlueStateResistance,-0.4215,3
3,Sun Jan 07 03:18:44 +0000 2018,BBC,0.0,1.0,0.0,BBC Sport,0.0,4
4,Sun Jan 07 03:18:44 +0000 2018,BBC,0.0,1.0,0.0,‚ô†Whootyfiend‚ô†,0.0,5
5,Sun Jan 07 03:18:43 +0000 2018,BBC,0.0,1.0,0.0,„Åï„Å¶„ÅÉ„Éª„ÅÜ„Åï,0.0,6
6,Sun Jan 07 03:18:43 +0000 2018,BBC,0.0,1.0,0.0,Korseries,0.0,7
7,Sun Jan 07 03:18:40 +0000 2018,BBC,0.274,0.726,0.0,Sebastian Gorka DrG,-0.5267,8
8,Sun Jan 07 03:18:40 +0000 2018,BBC,0.0,1.0,0.0,‡∏£‡∏∏‡πâ‡∏á‡∏Å‡∏£,0.0,9
9,Sun Jan 07 03:18:37 +0000 2018,BBC,0.0,1.0,0.0,⁄©€åŸàŸÖÿ±ÿ´,0.0,10
10,Sun Jan 07 03:18:32 +0000 2018,BBC,0.0,1.0,0.0,Clare Lopez,0.0,11
11,Sun Jan 07 03:18:31 +0000 2018,BBC,0.0,0.619,0.381,‚ô†Black Master‚ô† 210K,0.5719,12
12,Sun Jan 07 03:18:31 +0000 2018,BBC,0.0,1.0,0.0,Âú®ÂÆÖË≤ù,0.0,13
13,Sun Jan 07 03:18:30 +0000 2018,BBC,0.0,1.0,0.0,"‡∏à‡∏±‡∏™‡∏ï‡∏¥‡∏ô‡∏ô‡∏µ‡πà , ‡∏•‡∏π‡∏Å‡∏™‡∏°‡∏°‡∏∏‡∏ï‡∏¥",0.0,14
14,Sun Jan 07 03:18:30 +0000 2018,BBC,0.0,1.0,0.0,Phoebe Lynn,0.0,15
15,Sun Jan 07 03:18:30 +0000 2018,BBC,0.0,1.0,0.0,Rafi,0.0,16
16,Sun Jan 07 03:18:29 +0000 2018,BBC,0.0,1.0,0.0,BBC Îâ¥Ïä§ ÏΩîÎ¶¨ÏïÑ ÎπÑÍ≥µÏãù Í≥ÑÏ†ï,0.0,17
17,Sun Jan 07 03:18:28 +0000 2018,BBC,0.0,1.0,0.0,Radam√©s Rivas,0.0,18
18,Sun Jan 07 03:18:26 +0000 2018,BBC,0.0,1.0,0.0,BBC News (World),0.0,19
19,Sun Jan 07 03:18:25 +0000 2018,BBC,0.0,1.0,0.0,Korseries,0.0,20
20,Sun Jan 07 03:18:25 +0000 2018,BBC,0.0,1.0,0.0,BBC Sport,0.0,21
21,Sun Jan 07 03:18:23 +0000 2018,BBC,0.112,0.772,0.116,Rachel Butler,0.0258,22
22,Sun Jan 07 03:18:22 +0000 2018,BBC,0.0,1.0,0.0,Ravinder Tyagi,0.0,23
23,Sun Jan 07 03:18:21 +0000 2018,BBC,0.0,1.0,0.0,ÈÅ†Â≠êÂÖàËº©,0.0,24
24,Sun Jan 07 03:18:17 +0000 2018,BBC,0.135,0.739,0.126,Naomi Oni ‚ú®,-0.0516,25
25,Sun Jan 07 03:18:17 +0000 2018,BBC,0.244,0.756,0.0,Gavia Baker-Whitelaw,-0.7964,26
26,Sun Jan 07 03:18:16 +0000 2018,BBC,0.0,1.0,0.0,#FIKSMERISTORY,0.0,27
27,Sun Jan 07 03:18:16 +0000 2018,BBC,0.244,0.756,0.0,Gavia Baker-Whitelaw,-0.7964,28
28,Sun Jan 07 03:18:16 +0000 2018,BBC,0.0,1.0,0.0,‡∏£‡∏∏‡πâ‡∏á‡∏Å‡∏£,0.0,29
29,Sun Jan 07 03:18:16 +0000 2018,BBC,0.348,0.652,0.0,Karen Menpes,-0.6588,30
30,Sun Jan 07 03:18:14 +0000 2018,BBC,0.0,1.0,0.0,‡∏£‡∏∏‡πâ‡∏á‡∏Å‡∏£,0.0,31
31,Sun Jan 07 03:18:12 +0000 2018,BBC,0.0,1.0,0.0,‡∏£‡∏∏‡πâ‡∏á‡∏Å‡∏£,0.0,32
32,Sun Jan 07 03:18:12 +0000 2018,BBC,0.0,1.0,0.0,bbcrussian,0.0,33
33,Sun Jan 07 03:18:10 +0000 2018,BBC,0.055,0.864,0.081,‚ô†Ô∏è Goddess Skylar ‚ô†Ô∏è,0.1901,34
34,Sun Jan 07 03:18:09 +0000 2018,BBC,0.083,0.917,0.0,Dr Zoe Norris,-0.25,35
35,Sun Jan 07 03:18:08 +0000 2018,BBC,0.0,1.0,0.0,blacktowhite,0.0,36
36,Sun Jan 07 03:18:08 +0000 2018,BBC,0.198,0.802,0.0,Dan Bongino,-0.5719,37
37,Sun Jan 07 03:18:07 +0000 2018,BBC,0.0,0.866,0.134,JOE.co.uk,0.5267,38
38,Sun Jan 07 03:18:07 +0000 2018,BBC,0.0,1.0,0.0,„ÅÇ„Åã„ÇÇ„Å°,0.0,39
39,Sun Jan 07 03:18:06 +0000 2018,BBC,0.0,1.0,0.0,"‡∏à‡∏±‡∏™‡∏ï‡∏¥‡∏ô‡∏ô‡∏µ‡πà , ‡∏•‡∏π‡∏Å‡∏™‡∏°‡∏°‡∏∏‡∏ï‡∏¥",0.0,40
40,Sun Jan 07 03:18:05 +0000 2018,BBC,0.264,0.736,0.0,üåéAnimal Watchüåç,-0.6486,41
41,Sun Jan 07 03:18:05 +0000 2018,BBC,0.0,1.0,0.0,‡∏£‡∏∏‡πâ‡∏á‡∏Å‡∏£,0.0,42
42,Sun Jan 07 03:18:03 +0000 2018,BBC,0.247,0.348,0.404,Jayesh Jani,0.5423,43
43,Sun Jan 07 03:18:03 +0000 2018,BBC,0.0,0.755,0.245,BBC Wales News,0.7579,44
44,Sun Jan 07 03:18:03 +0000 2018,BBC,0.0,0.916,0.084,Leo Kelion,0.2732,45
45,Sun Jan 07 03:18:03 +0000 2018,BBC,0.0,1.0,0.0,SK-2,0.0,46
46,Sun Jan 07 03:18:02 +0000 2018,BBC,0.092,0.908,0.0,Grant Tucker,-0.2057,47
47,Sun Jan 07 03:18:01 +0000 2018,BBC,0.0,0.693,0.307,PimpXXX Network,0.7901,48
48,Sun Jan 07 03:18:01 +0000 2018,BBC,0.0,1.0,0.0,Ê°Ç Êò•Ëù∂,0.0,49
49,Sun Jan 07 03:18:01 +0000 2018,BBC,0.0,1.0,0.0,dark side Thailand,0.0,50
50,Sun Jan 07 03:18:00 +0000 2018,BBC,0.133,0.741,0.126,B O O T Y [80K],-0.0516,51
51,Sun Jan 07 03:18:00 +0000 2018,BBC,0.0,1.0,0.0,BBC Mundo,0.0,52
52,Sun Jan 07 03:17:59 +0000 2018,BBC,0.0,0.861,0.139,1_Pyar_2_yar,0.4404,53
53,Sun Jan 07 03:17:57 +0000 2018,BBC,0.0,1.0,0.0,‡∏£‡∏∏‡πâ‡∏á‡∏Å‡∏£,0.0,54
54,Sun Jan 07 03:17:55 +0000 2018,BBC,0.0,1.0,0.0,FantasiasCuckold125k,0.0,55
55,Sun Jan 07 03:17:53 +0000 2018,BBC,0.0,1.0,0.0,BBC Mundo,0.0,56
56,Sun Jan 07 03:17:52 +0000 2018,BBC,0.0,1.0,0.0,‡∏£‡∏∏‡πâ‡∏á‡∏Å‡∏£,0.0,57
57,Sun Jan 07 03:17:52 +0000 2018,BBC,0.0,1.0,0.0,bbcrussian,0.0,58
58,Sun Jan 07 03:17:51 +0000 2018,BBC,0.0,1.0,0.0,Cr√≠ticas en 140,0.0,59
59,Sun Jan 07 03:17:51 +0000 2018,BBC,0.0,1.0,0.0,‚ô†Whootyfiend‚ô†,0.0,60
60,Sun Jan 07 03:17:51 +0000 2018,BBC,0.16,0.679,0.16,BBC News (World),0.0,61
61,Sun Jan 07 03:17:50 +0000 2018,BBC,0.165,0.659,0.176,Jeffrey Ventre,0.0516,62
62,Sun Jan 07 03:17:50 +0000 2018,BBC,0.0,1.0,0.0,‡πë‚Ä¢‡∏±Marshmallow‚Ä¢‡∏±‡πë,0.0,63
63,Sun Jan 07 03:17:46 +0000 2018,BBC,0.0,1.0,0.0,"‡∏à‡∏±‡∏™‡∏ï‡∏¥‡∏ô‡∏ô‡∏µ‡πà , ‡∏•‡∏π‡∏Å‡∏™‡∏°‡∏°‡∏∏‡∏ï‡∏¥",0.0,64
64,Sun Jan 07 03:17:44 +0000 2018,BBC,0.0,1.0,0.0,BBC News (World),0.0,65
65,Sun Jan 07 03:17:43 +0000 2018,BBC,0.0,1.0,0.0,Theresa Scrivener,0.0,66
66,Sun Jan 07 03:17:41 +0000 2018,BBC,0.22,0.68,0.1,Pat Condell,-0.4576,67
67,Sun Jan 07 03:17:39 +0000 2018,BBC,0.0,1.0,0.0,Ian Hamilton,0.0,68
68,Sun Jan 07 03:17:36 +0000 2018,BBC,0.0,1.0,0.0,EnglistA,0.0,69
69,Sun Jan 07 03:17:36 +0000 2018,BBC,0.149,0.851,0.0,Sebastian Gorka DrG,-0.5423,70
70,Sun Jan 07 03:17:32 +0000 2018,BBC,0.239,0.761,0.0,Magallanes BBC,-0.296,71
71,Sun Jan 07 03:17:30 +0000 2018,BBC,0.0,1.0,0.0,Korseries,0.0,72
72,Sun Jan 07 03:17:30 +0000 2018,BBC,0.206,0.794,0.0,BBC Mundo,-0.6908,73
73,Sun Jan 07 03:17:30 +0000 2018,BBC,0.205,0.795,0.0,Aurum Antiquum,-0.5574,74
74,Sun Jan 07 03:17:29 +0000 2018,BBC,0.0,1.0,0.0,BBC News ÿßÿ±ÿØŸà,0.0,75
75,Sun Jan 07 03:18:47 +0000 2018,BBC,0.0,1.0,0.0,Magallanes BBC,0.0,76
76,Sun Jan 07 03:18:45 +0000 2018,BBC,0.0,1.0,0.0,‚ô†Ô∏èToy4black(18+)94K,0.0,77
77,Sun Jan 07 03:18:44 +0000 2018,BBC,0.203,0.797,0.0,BlueStateResistance,-0.4215,78
78,Sun Jan 07 03:18:44 +0000 2018,BBC,0.0,1.0,0.0,BBC Sport,0.0,79
79,Sun Jan 07 03:18:44 +0000 2018,BBC,0.0,1.0,0.0,‚ô†Whootyfiend‚ô†,0.0,80
80,Sun Jan 07 03:18:43 +0000 2018,BBC,0.0,1.0,0.0,„Åï„Å¶„ÅÉ„Éª„ÅÜ„Åï,0.0,81
81,Sun Jan 07 03:18:43 +0000 2018,BBC,0.0,1.0,0.0,Korseries,0.0,82
82,Sun Jan 07 03:18:40 +0000 2018,BBC,0.274,0.726,0.0,Sebastian Gorka DrG,-0.5267,83
83,Sun Jan 07 03:18:40 +0000 2018,BBC,0.0,1.0,0.0,‡∏£‡∏∏‡πâ‡∏á‡∏Å‡∏£,0.0,84
84,Sun Jan 07 03:18:37 +0000 2018,BBC,0.0,1.0,0.0,⁄©€åŸàŸÖÿ±ÿ´,0.0,85
85,Sun Jan 07 03:18:32 +0000 2018,BBC,0.0,1.0,0.0,Clare Lopez,0.0,86
86,Sun Jan 07 03:18:31 +0000 2018,BBC,0.0,0.619,0.381,‚ô†Black Master‚ô† 210K,0.5719,87
87,Sun Jan 07 03:18:31 +0000 2018,BBC,0.0,1.0,0.0,Âú®ÂÆÖË≤ù,0.0,88
88,Sun Jan 07 03:18:30 +0000 2018,BBC,0.0,1.0,0.0,"‡∏à‡∏±‡∏™‡∏ï‡∏¥‡∏ô‡∏ô‡∏µ‡πà , ‡∏•‡∏π‡∏Å‡∏™‡∏°‡∏°‡∏∏‡∏ï‡∏¥",0.0,89
89,Sun Jan 07 03:18:30 +0000 2018,BBC,0.0,1.0,0.0,Phoebe Lynn,0.0,90
90,Sun Jan 07 03:18:30 +0000 2018,BBC,0.0,1.0,0.0,Rafi,0.0,91
91,Sun Jan 07 03:18:29 +0000 2018,BBC,0.0,1.0,0.0,BBC Îâ¥Ïä§ ÏΩîÎ¶¨ÏïÑ ÎπÑÍ≥µÏãù Í≥ÑÏ†ï,0.0,92
92,Sun Jan 07 03:18:28 +0000 2018,BBC,0.0,1.0,0.0,Radam√©s Rivas,0.0,93
93,Sun Jan 07 03:18:26 +0000 2018,BBC,0.0,1.0,0.0,BBC News (World),0.0,94
94,Sun Jan 07 03:18:25 +0000 2018,BBC,0.0,1.0,0.0,Korseries,0.0,95
95,Sun Jan 07 03:18:25 +0000 2018,BBC,0.0,1.0,0.0,BBC Sport,0.0,96
96,Sun Jan 07 03:18:23 +0000 2018,BBC,0.112,0.772,0.116,Rachel Butler,0.0258,97
97,Sun Jan 07 03:18:22 +0000 2018,BBC,0.0,1.0,0.0,Ravinder Tyagi,0.0,98
98,Sun Jan 07 03:18:21 +0000 2018,BBC,0.0,1.0,0.0,ÈÅ†Â≠êÂÖàËº©,0.0,99
99,Sun Jan 07 03:18:17 +0000 2018,BBC,0.135,0.739,0.126,Naomi Oni ‚ú®,-0.0516,100
100,Sun Jan 07 03:18:41 +0000 2018,CBS,0.63,0.37,0.0,Nathan Anders,-0.6249,1
101,Sun Jan 07 03:18:40 +0000 2018,CBS,0.0,1.0,0.0,Laura Ingraham,0.0,2
102,Sun Jan 07 03:18:39 +0000 2018,CBS,0.642,0.358,0.0,"Ryan Knight, PROUD RESISTER üëä",-0.9826,3
103,Sun Jan 07 03:18:30 +0000 2018,CBS,0.508,0.416,0.076,Veteran Resists 2018üí•,-0.9389,4
104,Sun Jan 07 03:18:28 +0000 2018,CBS,0.0,0.805,0.195,Founders Brewing Co.,0.1779,5
105,Sun Jan 07 03:18:09 +0000 2018,CBS,0.0,1.0,0.0,W A R R I O R,0.0,6
106,Sun Jan 07 03:18:09 +0000 2018,CBS,0.0,1.0,0.0,Mr_Pinkoüá∫üá≤Videosüá∫üá≤#MAGAüá∫üá≤#Trump2020üá∫üá≤GAB,0.0,7
107,Sun Jan 07 03:18:04 +0000 2018,CBS,0.642,0.358,0.0,"Ryan Knight, PROUD RESISTER üëä",-0.9826,8
108,Sun Jan 07 03:17:51 +0000 2018,CBS,0.214,0.587,0.199,Doug Jones,-0.126,9
109,Sun Jan 07 03:17:40 +0000 2018,CBS,0.0,0.877,0.123,CBS,0.2732,10
110,Sun Jan 07 03:17:40 +0000 2018,CBS,0.143,0.857,0.0,Celeb Big Brother,-0.3252,11
111,Sun Jan 07 03:17:32 +0000 2018,CBS,0.0,1.0,0.0,RetroNewsNow,0.0,12
112,Sun Jan 07 03:17:30 +0000 2018,CBS,0.0,0.664,0.336,Jazz Shaw,0.7964,13
113,Sun Jan 07 03:17:27 +0000 2018,CBS,0.147,0.566,0.287,The Good Wife,0.4504,14
114,Sun Jan 07 03:17:26 +0000 2018,CBS,0.0,0.888,0.112,48 Hours,0.34,15
115,Sun Jan 07 03:17:23 +0000 2018,CBS,0.0,0.741,0.259,Fanucci,0.4215,16
116,Sun Jan 07 03:17:20 +0000 2018,CBS,0.0,1.0,0.0,Italiandreamer73,0.0,17
117,Sun Jan 07 03:17:07 +0000 2018,CBS,0.162,0.838,0.0,Eddie DiFruscia,-0.4767,18
118,Sun Jan 07 03:17:04 +0000 2018,CBS,0.0,1.0,0.0,CNN,0.0,19
119,Sun Jan 07 03:17:03 +0000 2018,CBS,0.095,0.833,0.071,RG,-0.1546,20
120,Sun Jan 07 03:16:39 +0000 2018,CBS,0.0,0.893,0.107,ABC News,0.34,21
121,Sun Jan 07 03:16:17 +0000 2018,CBS,0.146,0.854,0.0,SURVIVOR,-0.6249,22
122,Sun Jan 07 03:16:13 +0000 2018,CBS,0.0,1.0,0.0,I Live For Football,0.0,23
123,Sun Jan 07 03:16:06 +0000 2018,CBS,0.095,0.833,0.071,RG,-0.1546,24
124,Sun Jan 07 03:16:02 +0000 2018,CBS,0.432,0.568,0.0,Jake Tapper,-0.9171,25
125,Sun Jan 07 03:15:48 +0000 2018,CBS,0.082,0.749,0.168,Jordan Foote,0.5093,26
126,Sun Jan 07 03:15:42 +0000 2018,CBS,0.0,0.939,0.061,Mandy,0.0772,27
127,Sun Jan 07 03:15:31 +0000 2018,CBS,0.0,0.936,0.064,üéÄ Miracles HappenüéÄ,0.0772,28
128,Sun Jan 07 03:15:28 +0000 2018,CBS,0.0,1.0,0.0,ÎπÑÏÉÅ üå±,0.0,29
129,Sun Jan 07 03:15:19 +0000 2018,CBS,0.0,1.0,0.0,Southern Insider,0.0,30
130,Sun Jan 07 03:15:14 +0000 2018,CBS,0.118,0.882,0.0,Blue Bloods on CBS!,-0.1531,31
131,Sun Jan 07 03:15:09 +0000 2018,CBS,0.165,0.647,0.188,Kyle Griffin,0.2023,32
132,Sun Jan 07 03:15:02 +0000 2018,CBS,0.0,0.53,0.47,Darnell Kirkwood,0.7964,33
133,Sun Jan 07 03:15:01 +0000 2018,CBS,0.082,0.818,0.1,S.W.A.T.,0.128,34
134,Sun Jan 07 03:15:00 +0000 2018,CBS,0.095,0.905,0.0,Kyle Griffin,-0.296,35
135,Sun Jan 07 03:14:57 +0000 2018,CBS,0.0,0.878,0.122,Cait Fairbanks,0.3612,36
136,Sun Jan 07 03:14:55 +0000 2018,CBS,0.0,0.936,0.064,üéÄ Miracles HappenüéÄ,0.0772,37
137,Sun Jan 07 03:14:47 +0000 2018,CBS,0.0,0.88,0.12,Chad Miller,0.3235,38
138,Sun Jan 07 03:14:38 +0000 2018,CBS,0.0,1.0,0.0,Herman Britton,0.0,39
139,Sun Jan 07 03:14:34 +0000 2018,CBS,0.0,0.833,0.167,Kyle Griffin,0.6369,40
140,Sun Jan 07 03:14:21 +0000 2018,CBS,0.0,1.0,0.0,Mr. PEC-Tacular‚Ñ¢,0.0,41
141,Sun Jan 07 03:14:14 +0000 2018,CBS,0.0,0.843,0.157,Darnell Kirkwood,0.4215,42
142,Sun Jan 07 03:14:10 +0000 2018,CBS,0.642,0.358,0.0,"Ryan Knight, PROUD RESISTER üëä",-0.9826,43
143,Sun Jan 07 03:14:10 +0000 2018,CBS,0.0,0.778,0.222,matthew gray gubler,0.25,44
144,Sun Jan 07 03:14:07 +0000 2018,CBS,0.0,1.0,0.0,Star Trek: Discovery,0.0,45
145,Sun Jan 07 03:13:56 +0000 2018,CBS,0.134,0.477,0.389,LA to Vegas,0.8208,46
146,Sun Jan 07 03:13:52 +0000 2018,CBS,0.0,1.0,0.0,colin woods,0.0,47
147,Sun Jan 07 03:13:50 +0000 2018,CBS,0.102,0.722,0.176,Paula ChertoküóΩ,0.3878,48
148,Sun Jan 07 03:13:49 +0000 2018,CBS,0.214,0.587,0.199,Doug Jones,-0.126,49
149,Sun Jan 07 03:13:47 +0000 2018,CBS,0.117,0.777,0.107,Kevin Eastwood,-0.0516,50
150,Sun Jan 07 03:13:47 +0000 2018,CBS,0.0,1.0,0.0,ÎπÑÏÉÅ üå±,0.0,51
151,Sun Jan 07 03:13:39 +0000 2018,CBS,0.0,1.0,0.0,colin woods,0.0,52
152,Sun Jan 07 03:13:38 +0000 2018,CBS,0.0,1.0,0.0,Netflix US,0.0,53
153,Sun Jan 07 03:13:28 +0000 2018,CBS,0.0,1.0,0.0,Debby.Johnston,0.0,54
154,Sun Jan 07 03:13:23 +0000 2018,CBS,0.095,0.905,0.0,Kyle Griffin,-0.296,55
155,Sun Jan 07 03:13:15 +0000 2018,CBS,0.0,0.706,0.294,Kevin Eastwood,0.6124,56
156,Sun Jan 07 03:12:57 +0000 2018,CBS,0.165,0.647,0.188,Kyle Griffin,0.2023,57
157,Sun Jan 07 03:12:44 +0000 2018,CBS,0.0,1.0,0.0,Foodmancing,0.0,58
158,Sun Jan 07 03:12:44 +0000 2018,CBS,0.0,1.0,0.0,ÎπÑÏÉÅ üå±,0.0,59
159,Sun Jan 07 03:12:39 +0000 2018,CBS,0.0,1.0,0.0,Screen Rant,0.0,60
160,Sun Jan 07 03:12:33 +0000 2018,CBS,0.095,0.905,0.0,Kyle Griffin,-0.296,61
161,Sun Jan 07 03:12:24 +0000 2018,CBS,0.0,1.0,0.0,ÎπÑÏÉÅ üå±,0.0,62
162,Sun Jan 07 03:12:21 +0000 2018,CBS,0.0,1.0,0.0,Glenn Beck,0.0,63
163,Sun Jan 07 03:12:16 +0000 2018,CBS,0.0,1.0,0.0,SaturdayNiteHugeshow,0.0,64
164,Sun Jan 07 03:12:15 +0000 2018,CBS,0.0,1.0,0.0,ÎπÑÏÉÅ üå±,0.0,65
165,Sun Jan 07 03:18:41 +0000 2018,CBS,0.63,0.37,0.0,Nathan Anders,-0.6249,66
166,Sun Jan 07 03:18:40 +0000 2018,CBS,0.0,1.0,0.0,Laura Ingraham,0.0,67
167,Sun Jan 07 03:18:39 +0000 2018,CBS,0.642,0.358,0.0,"Ryan Knight, PROUD RESISTER üëä",-0.9826,68
168,Sun Jan 07 03:18:30 +0000 2018,CBS,0.508,0.416,0.076,Veteran Resists 2018üí•,-0.9389,69
169,Sun Jan 07 03:18:28 +0000 2018,CBS,0.0,0.805,0.195,Founders Brewing Co.,0.1779,70
170,Sun Jan 07 03:18:09 +0000 2018,CBS,0.0,1.0,0.0,W A R R I O R,0.0,71
171,Sun Jan 07 03:18:09 +0000 2018,CBS,0.0,1.0,0.0,Mr_Pinkoüá∫üá≤Videosüá∫üá≤#MAGAüá∫üá≤#Trump2020üá∫üá≤GAB,0.0,72
172,Sun Jan 07 03:18:04 +0000 2018,CBS,0.642,0.358,0.0,"Ryan Knight, PROUD RESISTER üëä",-0.9826,73
173,Sun Jan 07 03:17:51 +0000 2018,CBS,0.214,0.587,0.199,Doug Jones,-0.126,74
174,Sun Jan 07 03:17:40 +0000 2018,CBS,0.0,0.877,0.123,CBS,0.2732,75
175,Sun Jan 07 03:17:40 +0000 2018,CBS,0.143,0.857,0.0,Celeb Big Brother,-0.3252,76
176,Sun Jan 07 03:17:32 +0000 2018,CBS,0.0,1.0,0.0,RetroNewsNow,0.0,77
177,Sun Jan 07 03:17:30 +0000 2018,CBS,0.0,0.664,0.336,Jazz Shaw,0.7964,78
178,Sun Jan 07 03:17:27 +0000 2018,CBS,0.147,0.566,0.287,The Good Wife,0.4504,79
179,Sun Jan 07 03:17:26 +0000 2018,CBS,0.0,0.888,0.112,48 Hours,0.34,80
180,Sun Jan 07 03:17:23 +0000 2018,CBS,0.0,0.741,0.259,Fanucci,0.4215,81
181,Sun Jan 07 03:17:20 +0000 2018,CBS,0.0,1.0,0.0,Italiandreamer73,0.0,82
182,Sun Jan 07 03:17:07 +0000 2018,CBS,0.162,0.838,0.0,Eddie DiFruscia,-0.4767,83
183,Sun Jan 07 03:17:04 +0000 2018,CBS,0.0,1.0,0.0,CNN,0.0,84
184,Sun Jan 07 03:17:03 +0000 2018,CBS,0.095,0.833,0.071,RG,-0.1546,85
185,Sun Jan 07 03:16:39 +0000 2018,CBS,0.0,0.893,0.107,ABC News,0.34,86
186,Sun Jan 07 03:16:17 +0000 2018,CBS,0.146,0.854,0.0,SURVIVOR,-0.6249,87
187,Sun Jan 07 03:16:13 +0000 2018,CBS,0.0,1.0,0.0,I Live For Football,0.0,88
188,Sun Jan 07 03:16:06 +0000 2018,CBS,0.095,0.833,0.071,RG,-0.1546,89
189,Sun Jan 07 03:16:02 +0000 2018,CBS,0.432,0.568,0.0,Jake Tapper,-0.9171,90
190,Sun Jan 07 03:15:48 +0000 2018,CBS,0.082,0.749,0.168,Jordan Foote,0.5093,91
191,Sun Jan 07 03:15:42 +0000 2018,CBS,0.0,0.939,0.061,Mandy,0.0772,92
192,Sun Jan 07 03:15:31 +0000 2018,CBS,0.0,0.936,0.064,üéÄ Miracles HappenüéÄ,0.0772,93
193,Sun Jan 07 03:15:28 +0000 2018,CBS,0.0,1.0,0.0,ÎπÑÏÉÅ üå±,0.0,94
194,Sun Jan 07 03:15:19 +0000 2018,CBS,0.0,1.0,0.0,Southern Insider,0.0,95
195,Sun Jan 07 03:15:14 +0000 2018,CBS,0.118,0.882,0.0,Blue Bloods on CBS!,-0.1531,96
196,Sun Jan 07 03:15:09 +0000 2018,CBS,0.165,0.647,0.188,Kyle Griffin,0.2023,97
197,Sun Jan 07 03:15:02 +0000 2018,CBS,0.0,0.53,0.47,Darnell Kirkwood,0.7964,98
198,Sun Jan 07 03:15:01 +0000 2018,CBS,0.082,0.818,0.1,S.W.A.T.,0.128,99
199,Sun Jan 07 03:15:00 +0000 2018,CBS,0.095,0.905,0.0,Kyle Griffin,-0.296,100
200,Sun Jan 07 03:18:50 +0000 2018,CNN,0.0,1.0,0.0,üçì „Åì  „ÅÆ  üçì,0.0,1
201,Sun Jan 07 03:18:50 +0000 2018,CNN,0.0,0.89,0.11,I #Resist fake newz,0.2732,2
202,Sun Jan 07 03:18:50 +0000 2018,CNN,0.0,0.746,0.254,Jonathan Swan,0.7783,3
203,Sun Jan 07 03:18:49 +0000 2018,CNN,0.264,0.736,0.0,CNN Politics,-0.7269,4
204,Sun Jan 07 03:18:49 +0000 2018,CNN,0.0,1.0,0.0,Brian Stelter,0.0,5
205,Sun Jan 07 03:18:48 +0000 2018,CNN,0.0,0.8,0.2,CNN,0.3612,6
206,Sun Jan 07 03:18:48 +0000 2018,CNN,0.0,1.0,0.0,Jake Tapper,0.0,7
207,Sun Jan 07 03:18:47 +0000 2018,CNN,0.0,1.0,0.0,RŒ£STŒîRTŒ£D üöÄ,0.0,8
208,Sun Jan 07 03:18:47 +0000 2018,CNN,0.0,0.81,0.19,Swing Left,0.6114,9
209,Sun Jan 07 03:18:47 +0000 2018,CNN,0.0,1.0,0.0,Mario,0.0,10
210,Sun Jan 07 03:18:47 +0000 2018,CNN,0.158,0.658,0.184,CNN,0.1027,11
211,Sun Jan 07 03:18:46 +0000 2018,CNN,0.277,0.723,0.0,Democrats for Trump,-0.7841,12
212,Sun Jan 07 03:18:46 +0000 2018,CNN,0.095,0.905,0.0,Jake Tapper,-0.25,13
213,Sun Jan 07 03:18:45 +0000 2018,CNN,0.0,0.902,0.098,Robby Ball,0.0772,14
214,Sun Jan 07 03:18:45 +0000 2018,CNN,0.0,1.0,0.0,CNN Politics,0.0,15
215,Sun Jan 07 03:18:45 +0000 2018,CNN,0.0,0.8,0.2,CNN,0.3612,16
216,Sun Jan 07 03:18:45 +0000 2018,CNN,0.0,1.0,0.0,Molly Jong-Fastüå®,0.0,17
217,Sun Jan 07 03:18:45 +0000 2018,CNN,0.0,1.0,0.0,Hartosh Singh Bal,0.0,18
218,Sun Jan 07 03:18:45 +0000 2018,CNN,0.243,0.757,0.0,CNN,-0.7269,19
219,Sun Jan 07 03:18:44 +0000 2018,CNN,0.0,0.8,0.2,CNN,0.3612,20
220,Sun Jan 07 03:18:44 +0000 2018,CNN,0.0,0.408,0.592,H‚Äî,0.7003,21
221,Sun Jan 07 03:18:44 +0000 2018,CNN,0.0,1.0,0.0,Ana Cabrera,0.0,22
222,Sun Jan 07 03:18:43 +0000 2018,CNN,0.264,0.736,0.0,CNN Politics,-0.7269,23
223,Sun Jan 07 03:18:43 +0000 2018,CNN,0.0,0.732,0.268,Bill Browder,0.765,24
224,Sun Jan 07 03:18:42 +0000 2018,CNN,0.0,1.0,0.0,Brian Stelter,0.0,25
225,Sun Jan 07 03:18:42 +0000 2018,CNN,0.198,0.729,0.073,Philip Schuyler,-0.5574,26
226,Sun Jan 07 03:18:42 +0000 2018,CNN,0.0,1.0,0.0,CNN,0.0,27
227,Sun Jan 07 03:18:40 +0000 2018,CNN,0.0,0.868,0.132,Emoluments Clause,0.4648,28
228,Sun Jan 07 03:18:40 +0000 2018,CNN,0.0,1.0,0.0,Jason Bailey,0.0,29
229,Sun Jan 07 03:18:40 +0000 2018,CNN,0.143,0.759,0.097,TrumpsBlonde‚Ñ¢ Angieüêá,-0.2732,30
230,Sun Jan 07 03:18:40 +0000 2018,CNN,0.0,0.802,0.198,CountingPropaganda,0.6351,31
231,Sun Jan 07 03:18:39 +0000 2018,CNN,0.642,0.358,0.0,"Ryan Knight, PROUD RESISTER üëä",-0.9826,32
232,Sun Jan 07 03:18:39 +0000 2018,CNN,0.0,1.0,0.0,Peter J. Hasson,0.0,33
233,Sun Jan 07 03:18:38 +0000 2018,CNN,0.0,1.0,0.0,YouTube,0.0,34
234,Sun Jan 07 03:18:38 +0000 2018,CNN,0.0,0.714,0.286,Time For Change UK,0.4215,35
235,Sun Jan 07 03:18:38 +0000 2018,CNN,0.0,1.0,0.0,CNN,0.0,36
236,Sun Jan 07 03:18:38 +0000 2018,CNN,0.256,0.744,0.0,Dr. DaShanne Stokes,-0.6705,37
237,Sun Jan 07 03:18:38 +0000 2018,CNN,0.147,0.711,0.142,s—ÇüõëœÅ cŒµŒ∑süö´—èŒπŒ∑g c‚≠ïÔ∏èŒ∑sŒµ—èvŒ±—ÇŒπvŒµs ·¥õ·¥ç,-0.0258,38
238,Sun Jan 07 03:18:38 +0000 2018,CNN,0.0,1.0,0.0,Peter J. Hasson,0.0,39
239,Sun Jan 07 03:18:37 +0000 2018,CNN,0.315,0.685,0.0,CNN,-0.8481,40
240,Sun Jan 07 03:18:37 +0000 2018,CNN,0.116,0.773,0.111,üåé Jeremy Andrews üåç,-0.0258,41
241,Sun Jan 07 03:18:37 +0000 2018,CNN,0.243,0.757,0.0,CNN,-0.7269,42
242,Sun Jan 07 03:18:37 +0000 2018,CNN,0.0,0.892,0.108,Rob,0.4648,43
243,Sun Jan 07 03:18:36 +0000 2018,CNN,0.0,1.0,0.0,CNN,0.0,44
244,Sun Jan 07 03:18:36 +0000 2018,CNN,0.243,0.757,0.0,CNN,-0.7269,45
245,Sun Jan 07 03:18:36 +0000 2018,CNN,0.243,0.757,0.0,CNN,-0.7269,46
246,Sun Jan 07 03:18:36 +0000 2018,CNN,0.171,0.829,0.0,The Hill,-0.4767,47
247,Sun Jan 07 03:18:35 +0000 2018,CNN,0.0,1.0,0.0,CNN Politics,0.0,48
248,Sun Jan 07 03:18:35 +0000 2018,CNN,0.256,0.744,0.0,Dr. DaShanne Stokes,-0.6705,49
249,Sun Jan 07 03:18:35 +0000 2018,CNN,0.0,0.906,0.094,Leah üå™üåµüé∏,0.3612,50
250,Sun Jan 07 03:18:34 +0000 2018,CNN,0.236,0.686,0.077,CNN Politics,-0.5733,51
251,Sun Jan 07 03:18:34 +0000 2018,CNN,0.0,1.0,0.0,Janine Gonsenhauser,0.0,52
252,Sun Jan 07 03:18:33 +0000 2018,CNN,0.0,1.0,0.0,CNN Philippines,0.0,53
253,Sun Jan 07 03:18:33 +0000 2018,CNN,0.0,1.0,0.0,Jason Bailey,0.0,54
254,Sun Jan 07 03:18:32 +0000 2018,CNN,0.0,1.0,0.0,CNN,0.0,55
255,Sun Jan 07 03:18:31 +0000 2018,CNN,0.0,1.0,0.0,Paulette AMBAZONIA,0.0,56
256,Sun Jan 07 03:18:31 +0000 2018,CNN,0.0,1.0,0.0,Âú®ÂÆÖË≤ù,0.0,57
257,Sun Jan 07 03:18:30 +0000 2018,CNN,0.0,0.815,0.185,Light,0.5267,58
258,Sun Jan 07 03:18:30 +0000 2018,CNN,0.508,0.416,0.076,Veteran Resists 2018üí•,-0.9389,59
259,Sun Jan 07 03:18:30 +0000 2018,CNN,0.277,0.723,0.0,Democrats for Trump,-0.7841,60
260,Sun Jan 07 03:18:29 +0000 2018,CNN,0.0,0.458,0.542,CNN,0.7959,61
261,Sun Jan 07 03:18:29 +0000 2018,CNN,0.0,1.0,0.0,Breaking411 News,0.0,62
262,Sun Jan 07 03:18:28 +0000 2018,CNN,0.0,1.0,0.0,2018üá∫üá∏Elections,0.0,63
263,Sun Jan 07 03:18:27 +0000 2018,CNN,0.243,0.757,0.0,CNN,-0.7269,64
264,Sun Jan 07 03:18:27 +0000 2018,CNN,0.0,0.669,0.331,CNN,0.8356,65
265,Sun Jan 07 03:18:26 +0000 2018,CNN,0.125,0.778,0.097,Brian Stelter,-0.1779,66
266,Sun Jan 07 03:18:26 +0000 2018,CNN,0.243,0.757,0.0,CNN,-0.7269,67
267,Sun Jan 07 03:18:26 +0000 2018,CNN,0.243,0.757,0.0,CNN,-0.7269,68
268,Sun Jan 07 03:18:26 +0000 2018,CNN,0.126,0.69,0.184,Mike,0.25,69
269,Sun Jan 07 03:18:25 +0000 2018,CNN,0.243,0.757,0.0,CNN,-0.7269,70
270,Sun Jan 07 03:18:25 +0000 2018,CNN,0.253,0.659,0.088,SparkleMAGAüá∫üá∏,-0.5423,71
271,Sun Jan 07 03:18:24 +0000 2018,CNN,0.0,0.887,0.113,Rep. Dan Kildee,0.3182,72
272,Sun Jan 07 03:18:24 +0000 2018,CNN,0.0,1.0,0.0,CNN en Espa√±ol,0.0,73
273,Sun Jan 07 03:18:24 +0000 2018,CNN,0.243,0.757,0.0,CNN,-0.7269,74
274,Sun Jan 07 03:18:23 +0000 2018,CNN,0.0,0.708,0.292,CNN,0.765,75
275,Sun Jan 07 03:18:23 +0000 2018,CNN,0.0,0.8,0.2,CNN,0.3612,76
276,Sun Jan 07 03:18:22 +0000 2018,CNN,0.0,1.0,0.0,Jay Rosen,0.0,77
277,Sun Jan 07 03:18:22 +0000 2018,CNN,0.0,1.0,0.0,nixeew,0.0,78
278,Sun Jan 07 03:18:21 +0000 2018,CNN,0.264,0.736,0.0,CNN Politics,-0.7269,79
279,Sun Jan 07 03:18:21 +0000 2018,CNN,0.0,1.0,0.0,Josh Zacker,0.0,80
280,Sun Jan 07 03:18:20 +0000 2018,CNN,0.243,0.757,0.0,CNN,-0.7269,81
281,Sun Jan 07 03:18:20 +0000 2018,CNN,0.228,0.772,0.0,Robby Ball,-0.7096,82
282,Sun Jan 07 03:18:19 +0000 2018,CNN,0.181,0.819,0.0,CNN,-0.4939,83
283,Sun Jan 07 03:18:19 +0000 2018,CNN,0.0,0.818,0.182,AltScalesOfJustice,0.6418,84
284,Sun Jan 07 03:18:19 +0000 2018,CNN,0.22,0.78,0.0,Richard W. Painter,-0.7579,85
285,Sun Jan 07 03:18:18 +0000 2018,CNN,0.243,0.757,0.0,CNN,-0.7269,86
286,Sun Jan 07 03:18:18 +0000 2018,CNN,0.102,0.851,0.047,Sean Spicer,-0.3182,87
287,Sun Jan 07 03:18:18 +0000 2018,CNN,0.0,0.906,0.094,Leah üå™üåµüé∏,0.3612,88
288,Sun Jan 07 03:18:18 +0000 2018,CNN,0.0,0.71,0.29,Sam Lillywhite,0.5423,89
289,Sun Jan 07 03:18:18 +0000 2018,CNN,0.0,0.87,0.13,Alison Greene,0.4019,90
290,Sun Jan 07 03:18:17 +0000 2018,CNN,0.312,0.688,0.0,Lou Dobbs,-0.8225,91
291,Sun Jan 07 03:18:17 +0000 2018,CNN,0.292,0.708,0.0,2018üá∫üá∏Elections,-0.6072,92
292,Sun Jan 07 03:18:17 +0000 2018,CNN,0.084,0.916,0.0,üö®Josh Cornettüö®,-0.2732,93
293,Sun Jan 07 03:18:52 +0000 2018,CNN,0.0,1.0,0.0,Nancy Sinatra,0.0,94
294,Sun Jan 07 03:18:51 +0000 2018,CNN,0.277,0.723,0.0,Democrats for Trump,-0.7841,95
295,Sun Jan 07 03:18:51 +0000 2018,CNN,0.095,0.905,0.0,Jake Tapper,-0.25,96
296,Sun Jan 07 03:18:50 +0000 2018,CNN,0.0,1.0,0.0,üçì „Åì  „ÅÆ  üçì,0.0,97
297,Sun Jan 07 03:18:50 +0000 2018,CNN,0.0,0.89,0.11,I #Resist fake newz,0.2732,98
298,Sun Jan 07 03:18:50 +0000 2018,CNN,0.0,0.746,0.254,Jonathan Swan,0.7783,99
299,Sun Jan 07 03:18:49 +0000 2018,CNN,0.264,0.736,0.0,CNN Politics,-0.7269,100
300,Sun Jan 07 03:18:52 +0000 2018,Fox,0.228,0.772,0.0,Wonita Milani,-0.6633,1
301,Sun Jan 07 03:18:51 +0000 2018,Fox,0.105,0.794,0.101,Ken Tremendous,-0.0191,2
302,Sun Jan 07 03:18:49 +0000 2018,Fox,0.0,1.0,0.0,„Åó„Çç„Åè„Åæ„Åì,0.0,3
303,Sun Jan 07 03:18:49 +0000 2018,Fox,0.0,1.0,0.0,Denizcan James,0.0,4
304,Sun Jan 07 03:18:48 +0000 2018,Fox,0.105,0.794,0.101,Ken Tremendous,-0.0191,5
305,Sun Jan 07 03:18:48 +0000 2018,Fox,0.105,0.794,0.101,Ken Tremendous,-0.0191,6
306,Sun Jan 07 03:18:47 +0000 2018,Fox,0.105,0.794,0.101,Ken Tremendous,-0.0191,7
307,Sun Jan 07 03:18:47 +0000 2018,Fox,0.0,0.808,0.192,Fox News,0.5859,8
308,Sun Jan 07 03:18:46 +0000 2018,Fox,0.105,0.794,0.101,Ken Tremendous,-0.0191,9
309,Sun Jan 07 03:18:45 +0000 2018,Fox,0.0,0.721,0.279,Jonah Goldberg,0.4767,10
310,Sun Jan 07 03:18:44 +0000 2018,Fox,0.0,0.597,0.403,Fox News,0.7964,11
311,Sun Jan 07 03:18:43 +0000 2018,Fox,0.0,1.0,0.0,steVen,0.0,12
312,Sun Jan 07 03:18:41 +0000 2018,Fox,0.0,1.0,0.0,Ïôú ÏÇ¨ÎÇò PD,0.0,13
313,Sun Jan 07 03:18:40 +0000 2018,Fox,0.0,0.794,0.206,Peridot,0.3802,14
314,Sun Jan 07 03:18:39 +0000 2018,Fox,0.0,1.0,0.0,Marvel_TH,0.0,15
315,Sun Jan 07 03:18:39 +0000 2018,Fox,0.642,0.358,0.0,"Ryan Knight, PROUD RESISTER üëä",-0.9826,16
316,Sun Jan 07 03:18:38 +0000 2018,Fox,0.0,1.0,0.0,ÎåÄÌúòÎ∂ÄÌÑ∞ Ïö∞Î¶¨Îäî‚ù§,0.0,17
317,Sun Jan 07 03:18:37 +0000 2018,Fox,0.0,1.0,0.0,Andr√©s Manuel,0.0,18
318,Sun Jan 07 03:18:36 +0000 2018,Fox,0.0,0.783,0.217,Sara Alfageeh,0.3612,19
319,Sun Jan 07 03:18:36 +0000 2018,Fox,0.105,0.794,0.101,Ken Tremendous,-0.0191,20
320,Sun Jan 07 03:18:35 +0000 2018,Fox,0.105,0.794,0.101,Ken Tremendous,-0.0191,21
321,Sun Jan 07 03:18:35 +0000 2018,Fox,0.0,0.597,0.403,Barcio,0.6932,22
322,Sun Jan 07 03:18:35 +0000 2018,Fox,0.105,0.794,0.101,Ken Tremendous,-0.0191,23
323,Sun Jan 07 03:18:34 +0000 2018,Fox,0.0,1.0,0.0,Myriam,0.0,24
324,Sun Jan 07 03:18:34 +0000 2018,Fox,0.0,1.0,0.0,„Åã„Çè„Åî„Åà„Ç¥„É™„É©,0.0,25
325,Sun Jan 07 03:18:33 +0000 2018,Fox,0.0,1.0,0.0,Ôº≠Ôº´Ôº§,0.0,26
326,Sun Jan 07 03:18:33 +0000 2018,Fox,0.0,1.0,0.0,robertliefeld,0.0,27
327,Sun Jan 07 03:18:33 +0000 2018,Fox,0.0,0.838,0.162,Stonekettle,0.4404,28
328,Sun Jan 07 03:18:31 +0000 2018,Fox,0.155,0.845,0.0,Fox News,-0.5106,29
329,Sun Jan 07 03:18:31 +0000 2018,Fox,0.0,1.0,0.0,Marvel_TH,0.0,30
330,Sun Jan 07 03:18:31 +0000 2018,Fox,0.105,0.794,0.101,Ken Tremendous,-0.0191,31
331,Sun Jan 07 03:18:30 +0000 2018,Fox,0.508,0.416,0.076,Veteran Resists 2018üí•,-0.9389,32
332,Sun Jan 07 03:18:28 +0000 2018,Fox,0.0,1.0,0.0,Denizcan James,0.0,33
333,Sun Jan 07 03:18:27 +0000 2018,Fox,0.0,1.0,0.0,Seth Abramson,0.0,34
334,Sun Jan 07 03:18:26 +0000 2018,Fox,0.069,0.834,0.097,Pepsi Millions,0.1511,35
335,Sun Jan 07 03:18:26 +0000 2018,Fox,0.0,1.0,0.0,tirednic fox,0.0,36
336,Sun Jan 07 03:18:25 +0000 2018,Fox,0.105,0.794,0.101,Ken Tremendous,-0.0191,37
337,Sun Jan 07 03:18:21 +0000 2018,Fox,0.082,0.824,0.093,Nick Walden Poublon,0.0772,38
338,Sun Jan 07 03:18:21 +0000 2018,Fox,0.105,0.794,0.101,Ken Tremendous,-0.0191,39
339,Sun Jan 07 03:18:21 +0000 2018,Fox,0.123,0.877,0.0,Seth Abramson,-0.4215,40
340,Sun Jan 07 03:18:21 +0000 2018,Fox,0.0,1.0,0.0,Jose Ivan Ruiz Trejo,0.0,41
341,Sun Jan 07 03:18:20 +0000 2018,Fox,0.394,0.606,0.0,Preet Bharara,-0.6369,42
342,Sun Jan 07 03:18:19 +0000 2018,Fox,0.0,1.0,0.0,„É§„ÉàPSO2@ship5„É©„Ç∞„Ç∫,0.0,43
343,Sun Jan 07 03:18:18 +0000 2018,Fox,0.0,0.7,0.3,Yippocrates Escondido 'Yippee' Coyote,0.4588,44
344,Sun Jan 07 03:18:18 +0000 2018,Fox,0.358,0.457,0.185,Maria Mitchell,-0.4648,45
345,Sun Jan 07 03:18:17 +0000 2018,Fox,0.0,1.0,0.0,-M.Jzh-,0.0,46
346,Sun Jan 07 03:18:17 +0000 2018,Fox,0.0,0.865,0.135,Dan Sutton,0.3612,47
347,Sun Jan 07 03:18:17 +0000 2018,Fox,0.0,1.0,0.0,WWESaturdayNight,0.0,48
348,Sun Jan 07 03:18:17 +0000 2018,Fox,0.153,0.847,0.0,Seth Abramson,-0.5574,49
349,Sun Jan 07 03:18:17 +0000 2018,Fox,0.0,1.0,0.0,Juan Cruz,0.0,50
350,Sun Jan 07 03:18:16 +0000 2018,Fox,0.105,0.794,0.101,Ken Tremendous,-0.0191,51
351,Sun Jan 07 03:18:15 +0000 2018,Fox,0.0,1.0,0.0,Abby D. Phillip,0.0,52
352,Sun Jan 07 03:18:15 +0000 2018,Fox,0.0,0.823,0.177,VIPER üöÇüöãüöã,0.6249,53
353,Sun Jan 07 03:18:14 +0000 2018,Fox,0.0,1.0,0.0,„Çä„Éº„Çá@ship7,0.0,54
354,Sun Jan 07 03:18:13 +0000 2018,Fox,0.0,1.0,0.0,ÏΩîÏù∏ Ïó¨Ïö∞,0.0,55
355,Sun Jan 07 03:18:13 +0000 2018,Fox,0.0,0.721,0.279,Charles Johnson,0.4767,56
356,Sun Jan 07 03:18:13 +0000 2018,Fox,0.0,1.0,0.0,Abby D. Phillip,0.0,57
357,Sun Jan 07 03:18:13 +0000 2018,Fox,0.189,0.811,0.0,GŒñŒπŒªŒªŒ±777,-0.1027,58
358,Sun Jan 07 03:18:13 +0000 2018,Fox,0.105,0.794,0.101,Ken Tremendous,-0.0191,59
359,Sun Jan 07 03:18:12 +0000 2018,Fox,0.0,1.0,0.0,SJ in Belen ‚ñ∂Ô∏è,0.0,60
360,Sun Jan 07 03:18:12 +0000 2018,Fox,0.0,1.0,0.0,Seth Abramson,0.0,61
361,Sun Jan 07 03:18:11 +0000 2018,Fox,0.0,1.0,0.0,Preet Bharara,0.0,62
362,Sun Jan 07 03:18:11 +0000 2018,Fox,0.0,0.833,0.167,dani,0.5859,63
363,Sun Jan 07 03:18:10 +0000 2018,Fox,0.0,1.0,0.0,Eduardo Aguirre,0.0,64
364,Sun Jan 07 03:18:09 +0000 2018,Fox,0.178,0.603,0.219,Preet Bharara,-0.0617,65
365,Sun Jan 07 03:18:09 +0000 2018,Fox,0.0,1.0,0.0,ÏπºÏ†ï,0.0,66
366,Sun Jan 07 03:18:09 +0000 2018,Fox,0.0,1.0,0.0,Jimena S√°nchez,0.0,67
367,Sun Jan 07 03:18:07 +0000 2018,Fox,0.0,1.0,0.0,„Ç¢„Çπ„Çø„É´„Éà@Âæ©Â∏∞,0.0,68
368,Sun Jan 07 03:18:06 +0000 2018,Fox,0.175,0.511,0.314,Preet Bharara,0.5859,69
369,Sun Jan 07 03:18:06 +0000 2018,Fox,0.0,1.0,0.0,{Î®∏Î¶øÎßê+Íº¨Î¶øÎßê}Â§™ÂÆ∞ Ê≤ª,0.0,70
370,Sun Jan 07 03:18:05 +0000 2018,Fox,0.105,0.794,0.101,Ken Tremendous,-0.0191,71
371,Sun Jan 07 03:18:04 +0000 2018,Fox,0.642,0.358,0.0,"Ryan Knight, PROUD RESISTER üëä",-0.9826,72
372,Sun Jan 07 03:18:04 +0000 2018,Fox,0.105,0.794,0.101,Ken Tremendous,-0.0191,73
373,Sun Jan 07 03:18:02 +0000 2018,Fox,0.105,0.794,0.101,Ken Tremendous,-0.0191,74
374,Sun Jan 07 03:18:02 +0000 2018,Fox,0.0,1.0,0.0,Âä¥ÂÉçËÄÖ,0.0,75
375,Sun Jan 07 03:18:01 +0000 2018,Fox,0.0,1.0,0.0,MarHopp,0.0,76
376,Sun Jan 07 03:17:57 +0000 2018,Fox,0.123,0.877,0.0,Seth Abramson,-0.4215,77
377,Sun Jan 07 03:17:57 +0000 2018,Fox,0.0,0.906,0.094,Tamara Holder,0.3595,78
378,Sun Jan 07 03:17:56 +0000 2018,Fox,0.14,0.724,0.136,Dave M,-0.0258,79
379,Sun Jan 07 03:17:54 +0000 2018,Fox,0.0,1.0,0.0,It All Started With a Stitch,0.0,80
380,Sun Jan 07 03:17:53 +0000 2018,Fox,0.105,0.794,0.101,Ken Tremendous,-0.0191,81
381,Sun Jan 07 03:17:53 +0000 2018,Fox,0.27,0.73,0.0,Gabby Pfeiffer,-0.743,82
382,Sun Jan 07 03:17:52 +0000 2018,Fox,0.187,0.813,0.0,Fox News,-0.3182,83
383,Sun Jan 07 03:17:47 +0000 2018,Fox,0.105,0.794,0.101,Ken Tremendous,-0.0191,84
384,Sun Jan 07 03:17:47 +0000 2018,Fox,0.0,1.0,0.0,„Åç„Å§„Å≠@Âç†ÊòüË°ìÂ∏´,0.0,85
385,Sun Jan 07 03:17:47 +0000 2018,Fox,0.0,1.0,0.0,Ind. Santa Fe,0.0,86
386,Sun Jan 07 03:18:52 +0000 2018,Fox,0.228,0.772,0.0,Wonita Milani,-0.6633,87
387,Sun Jan 07 03:18:51 +0000 2018,Fox,0.105,0.794,0.101,Ken Tremendous,-0.0191,88
388,Sun Jan 07 03:18:49 +0000 2018,Fox,0.0,1.0,0.0,„Åó„Çç„Åè„Åæ„Åì,0.0,89
389,Sun Jan 07 03:18:49 +0000 2018,Fox,0.0,1.0,0.0,Denizcan James,0.0,90
390,Sun Jan 07 03:18:48 +0000 2018,Fox,0.105,0.794,0.101,Ken Tremendous,-0.0191,91
391,Sun Jan 07 03:18:48 +0000 2018,Fox,0.105,0.794,0.101,Ken Tremendous,-0.0191,92
392,Sun Jan 07 03:18:47 +0000 2018,Fox,0.105,0.794,0.101,Ken Tremendous,-0.0191,93
393,Sun Jan 07 03:18:47 +0000 2018,Fox,0.0,0.808,0.192,Fox News,0.5859,94
394,Sun Jan 07 03:18:46 +0000 2018,Fox,0.105,0.794,0.101,Ken Tremendous,-0.0191,95
395,Sun Jan 07 03:18:45 +0000 2018,Fox,0.0,0.721,0.279,Jonah Goldberg,0.4767,96
396,Sun Jan 07 03:18:44 +0000 2018,Fox,0.0,0.597,0.403,Fox News,0.7964,97
397,Sun Jan 07 03:18:43 +0000 2018,Fox,0.0,1.0,0.0,steVen,0.0,98
398,Sun Jan 07 03:18:41 +0000 2018,Fox,0.0,1.0,0.0,Ïôú ÏÇ¨ÎÇò PD,0.0,99
399,Sun Jan 07 03:18:40 +0000 2018,Fox,0.0,0.794,0.206,Peridot,0.3802,100
400,Sun Jan 07 03:18:42 +0000 2018,New York times,0.0,0.798,0.202,Gerardo Pisarello,0.5859,1
401,Sun Jan 07 03:18:38 +0000 2018,New York times,0.0,1.0,0.0,Brian Krassensteinüê¨,0.0,2
402,Sun Jan 07 03:18:32 +0000 2018,New York times,0.0,1.0,0.0,Brian Krassensteinüê¨,0.0,3
403,Sun Jan 07 03:18:29 +0000 2018,New York times,0.351,0.649,0.0,Jewhadi‚Ñ¢,-0.7579,4
404,Sun Jan 07 03:18:27 +0000 2018,New York times,0.0,1.0,0.0,Seth Abramson,0.0,5
405,Sun Jan 07 03:18:26 +0000 2018,New York times,0.351,0.649,0.0,Jewhadi‚Ñ¢,-0.7579,6
406,Sun Jan 07 03:18:23 +0000 2018,New York times,0.0,0.82,0.18,Antonia Felix,0.5106,7
407,Sun Jan 07 03:18:16 +0000 2018,New York times,0.094,0.842,0.064,Fred Parvaneh,-0.1531,8
408,Sun Jan 07 03:18:10 +0000 2018,New York times,0.351,0.649,0.0,Jewhadi‚Ñ¢,-0.7579,9
409,Sun Jan 07 03:18:06 +0000 2018,New York times,0.0,1.0,0.0,Eamon Javers,0.0,10
410,Sun Jan 07 03:17:57 +0000 2018,New York times,0.0,1.0,0.0,Al Punto Univision,0.0,11
411,Sun Jan 07 03:17:44 +0000 2018,New York times,0.0,1.0,0.0,Seth Abramson,0.0,12
412,Sun Jan 07 03:17:28 +0000 2018,New York times,0.351,0.649,0.0,Jewhadi‚Ñ¢,-0.7579,13
413,Sun Jan 07 03:17:25 +0000 2018,New York times,0.351,0.649,0.0,Jewhadi‚Ñ¢,-0.7579,14
414,Sun Jan 07 03:17:24 +0000 2018,New York times,0.101,0.899,0.0,‚öîÔ∏èTrumpsterWarriorsD,-0.2263,15
415,Sun Jan 07 03:17:07 +0000 2018,New York times,0.0,0.803,0.197,Danielle Brooks,0.6884,16
416,Sun Jan 07 03:17:05 +0000 2018,New York times,0.205,0.738,0.057,Bill Madden,-0.6597,17
417,Sun Jan 07 03:16:56 +0000 2018,New York times,0.0,1.0,0.0,√Ålvaro üá™üá∏,0.0,18
418,Sun Jan 07 03:16:53 +0000 2018,New York times,0.094,0.842,0.064,Fred Parvaneh,-0.1531,19
419,Sun Jan 07 03:16:34 +0000 2018,New York times,0.0,0.69,0.31,Sarah Kendzior,0.659,20
420,Sun Jan 07 03:16:30 +0000 2018,New York times,0.202,0.798,0.0,Paulette Elizabeth,-0.5106,21
421,Sun Jan 07 03:16:29 +0000 2018,New York times,0.0,1.0,0.0,Best of Oscar Isaac,0.0,22
422,Sun Jan 07 03:16:27 +0000 2018,New York times,0.0,1.0,0.0,Brian Krassensteinüê¨,0.0,23
423,Sun Jan 07 03:16:23 +0000 2018,New York times,0.0,1.0,0.0,The New York Times,0.0,24
424,Sun Jan 07 03:16:21 +0000 2018,New York times,0.0,0.777,0.223,Sara,0.5106,25
425,Sun Jan 07 03:16:21 +0000 2018,New York times,0.351,0.649,0.0,Jewhadi‚Ñ¢,-0.7579,26
426,Sun Jan 07 03:16:20 +0000 2018,New York times,0.351,0.649,0.0,Jewhadi‚Ñ¢,-0.7579,27
427,Sun Jan 07 03:16:19 +0000 2018,New York times,0.0,1.0,0.0,Best of Oscar Isaac,0.0,28
428,Sun Jan 07 03:16:10 +0000 2018,New York times,0.0,1.0,0.0,Brian Krassensteinüê¨,0.0,29
429,Sun Jan 07 03:16:03 +0000 2018,New York times,0.0,1.0,0.0,Best of Oscar Isaac,0.0,30
430,Sun Jan 07 03:16:03 +0000 2018,New York times,0.0,1.0,0.0,Brian Krassensteinüê¨,0.0,31
431,Sun Jan 07 03:16:01 +0000 2018,New York times,0.0,0.783,0.217,Slate,0.6124,32
432,Sun Jan 07 03:15:58 +0000 2018,New York times,0.0,1.0,0.0,Brian Krassensteinüê¨,0.0,33
433,Sun Jan 07 03:15:56 +0000 2018,New York times,0.0,1.0,0.0,Brian Krassensteinüê¨,0.0,34
434,Sun Jan 07 03:15:56 +0000 2018,New York times,0.0,1.0,0.0,Ann Coulter,0.0,35
435,Sun Jan 07 03:15:46 +0000 2018,New York times,0.0,0.824,0.176,Mike Cernovich üá∫üá∏,0.539,36
436,Sun Jan 07 03:15:40 +0000 2018,New York times,0.068,0.932,0.0,SPAMela HAMderson,-0.1531,37
437,Sun Jan 07 03:15:40 +0000 2018,New York times,0.0,0.868,0.132,Tabarnia Oficial,0.4404,38
438,Sun Jan 07 03:15:31 +0000 2018,New York times,0.0,1.0,0.0,Brian Krassensteinüê¨,0.0,39
439,Sun Jan 07 03:15:29 +0000 2018,New York times,0.0,1.0,0.0,√öltima Hora,0.0,40
440,Sun Jan 07 03:15:19 +0000 2018,New York times,0.0,0.69,0.31,Sarah Kendzior,0.659,41
441,Sun Jan 07 03:15:18 +0000 2018,New York times,0.0,1.0,0.0,Radio √ëanduti,0.0,42
442,Sun Jan 07 03:15:16 +0000 2018,New York times,0.0,1.0,0.0,Best of Oscar Isaac,0.0,43
443,Sun Jan 07 03:15:12 +0000 2018,New York times,0.0,0.69,0.31,Sarah Kendzior,0.659,44
444,Sun Jan 07 03:15:09 +0000 2018,New York times,0.0,1.0,0.0,NYTimes en Espa√±ol,0.0,45
445,Sun Jan 07 03:14:58 +0000 2018,New York times,0.0,1.0,0.0,Emotional Support Chicken,0.0,46
446,Sun Jan 07 03:14:38 +0000 2018,New York times,0.092,0.777,0.131,Eric Garland,0.2023,47
447,Sun Jan 07 03:14:35 +0000 2018,New York times,0.0,0.798,0.202,Gerardo Pisarello,0.5859,48
448,Sun Jan 07 03:14:27 +0000 2018,New York times,0.0,0.798,0.202,Great Kindle Reads,0.5106,49
449,Sun Jan 07 03:14:25 +0000 2018,New York times,0.0,1.0,0.0,Brian Krassensteinüê¨,0.0,50
450,Sun Jan 07 03:14:05 +0000 2018,New York times,0.0,1.0,0.0,Eamon Javers,0.0,51
451,Sun Jan 07 03:13:54 +0000 2018,New York times,0.0,0.843,0.157,huffpostqueer,0.4215,52
452,Sun Jan 07 03:13:49 +0000 2018,New York times,0.0,1.0,0.0,Seth Abramson,0.0,53
453,Sun Jan 07 03:13:42 +0000 2018,New York times,0.0,1.0,0.0,Best of Oscar Isaac,0.0,54
454,Sun Jan 07 03:13:39 +0000 2018,New York times,0.0,1.0,0.0,Brian Krassensteinüê¨,0.0,55
455,Sun Jan 07 03:13:30 +0000 2018,New York times,0.0,1.0,0.0,Brian Krassensteinüê¨,0.0,56
456,Sun Jan 07 03:13:26 +0000 2018,New York times,0.0,1.0,0.0,Brian Krassensteinüê¨,0.0,57
457,Sun Jan 07 03:13:25 +0000 2018,New York times,0.0,1.0,0.0,Brian Krassensteinüê¨,0.0,58
458,Sun Jan 07 03:13:25 +0000 2018,New York times,0.0,1.0,0.0,UOL Not√≠cias,0.0,59
459,Sun Jan 07 03:13:20 +0000 2018,New York times,0.0,1.0,0.0,Eamon Javers,0.0,60
460,Sun Jan 07 03:13:14 +0000 2018,New York times,0.125,0.642,0.234,Donald J. Trump,0.4389,61
461,Sun Jan 07 03:13:03 +0000 2018,New York times,0.0,0.69,0.31,Sarah Kendzior,0.659,62
462,Sun Jan 07 03:13:02 +0000 2018,New York times,0.0,1.0,0.0,WikiLeaks,0.0,63
463,Sun Jan 07 03:13:02 +0000 2018,New York times,0.101,0.899,0.0,‚öîÔ∏èTrumpsterWarriorsD,-0.2263,64
464,Sun Jan 07 03:12:57 +0000 2018,New York times,0.0,1.0,0.0,Seth Abramson,0.0,65
465,Sun Jan 07 03:12:52 +0000 2018,New York times,0.0,1.0,0.0,Best of Oscar Isaac,0.0,66
466,Sun Jan 07 03:12:48 +0000 2018,New York times,0.0,1.0,0.0,Naomi Wu,0.0,67
467,Sun Jan 07 03:12:45 +0000 2018,New York times,0.0,0.69,0.31,Sarah Kendzior,0.659,68
468,Sun Jan 07 03:12:37 +0000 2018,New York times,0.0,1.0,0.0,Brian Krassensteinüê¨,0.0,69
469,Sun Jan 07 03:12:34 +0000 2018,New York times,0.0,1.0,0.0,√Ålvaro üá™üá∏,0.0,70
470,Sun Jan 07 03:12:30 +0000 2018,New York times,0.0,1.0,0.0,Best of Oscar Isaac,0.0,71
471,Sun Jan 07 03:18:42 +0000 2018,New York times,0.0,0.798,0.202,Gerardo Pisarello,0.5859,72
472,Sun Jan 07 03:18:38 +0000 2018,New York times,0.0,1.0,0.0,Brian Krassensteinüê¨,0.0,73
473,Sun Jan 07 03:18:32 +0000 2018,New York times,0.0,1.0,0.0,Brian Krassensteinüê¨,0.0,74
474,Sun Jan 07 03:18:29 +0000 2018,New York times,0.351,0.649,0.0,Jewhadi‚Ñ¢,-0.7579,75
475,Sun Jan 07 03:18:27 +0000 2018,New York times,0.0,1.0,0.0,Seth Abramson,0.0,76
476,Sun Jan 07 03:18:26 +0000 2018,New York times,0.351,0.649,0.0,Jewhadi‚Ñ¢,-0.7579,77
477,Sun Jan 07 03:18:23 +0000 2018,New York times,0.0,0.82,0.18,Antonia Felix,0.5106,78
478,Sun Jan 07 03:18:16 +0000 2018,New York times,0.094,0.842,0.064,Fred Parvaneh,-0.1531,79
479,Sun Jan 07 03:18:10 +0000 2018,New York times,0.351,0.649,0.0,Jewhadi‚Ñ¢,-0.7579,80
480,Sun Jan 07 03:18:06 +0000 2018,New York times,0.0,1.0,0.0,Eamon Javers,0.0,81
481,Sun Jan 07 03:17:57 +0000 2018,New York times,0.0,1.0,0.0,Al Punto Univision,0.0,82
482,Sun Jan 07 03:17:44 +0000 2018,New York times,0.0,1.0,0.0,Seth Abramson,0.0,83
483,Sun Jan 07 03:17:28 +0000 2018,New York times,0.351,0.649,0.0,Jewhadi‚Ñ¢,-0.7579,84
484,Sun Jan 07 03:17:25 +0000 2018,New York times,0.351,0.649,0.0,Jewhadi‚Ñ¢,-0.7579,85
485,Sun Jan 07 03:17:24 +0000 2018,New York times,0.101,0.899,0.0,‚öîÔ∏èTrumpsterWarriorsD,-0.2263,86
486,Sun Jan 07 03:17:07 +0000 2018,New York times,0.0,0.803,0.197,Danielle Brooks,0.6884,87
487,Sun Jan 07 03:17:05 +0000 2018,New York times,0.205,0.738,0.057,Bill Madden,-0.6597,88
488,Sun Jan 07 03:16:56 +0000 2018,New York times,0.0,1.0,0.0,√Ålvaro üá™üá∏,0.0,89
489,Sun Jan 07 03:16:53 +0000 2018,New York times,0.094,0.842,0.064,Fred Parvaneh,-0.1531,90
490,Sun Jan 07 03:16:34 +0000 2018,New York times,0.0,0.69,0.31,Sarah Kendzior,0.659,91
491,Sun Jan 07 03:16:30 +0000 2018,New York times,0.202,0.798,0.0,Paulette Elizabeth,-0.5106,92
492,Sun Jan 07 03:16:29 +0000 2018,New York times,0.0,1.0,0.0,Best of Oscar Isaac,0.0,93
493,Sun Jan 07 03:16:27 +0000 2018,New York times,0.0,1.0,0.0,Brian Krassensteinüê¨,0.0,94
494,Sun Jan 07 03:16:23 +0000 2018,New York times,0.0,1.0,0.0,The New York Times,0.0,95
495,Sun Jan 07 03:16:21 +0000 2018,New York times,0.0,0.777,0.223,Sara,0.5106,96
496,Sun Jan 07 03:16:21 +0000 2018,New York times,0.351,0.649,0.0,Jewhadi‚Ñ¢,-0.7579,97
497,Sun Jan 07 03:16:20 +0000 2018,New York times,0.351,0.649,0.0,Jewhadi‚Ñ¢,-0.7579,98
498,Sun Jan 07 03:16:19 +0000 2018,New York times,0.0,1.0,0.0,Best of Oscar Isaac,0.0,99
499,Sun Jan 07 03:16:10 +0000 2018,New York times,0.0,1.0,0.0,Brian Krassensteinüê¨,0.0,100
